Id;ImageCollectionId;ImageId;SortOrder
00000000-f8ac-400f-ba1e-dd8306525782;00000000-3cc5-4d7f-9d71-95fe4db5bc1e;00000000-32c3-431c-8c9e-3e18506c1e52;10
00000000-ab94-4e88-bff2-5f93fa5167b3;00000000-3cc5-4d7f-9d71-95fe4db5bc1e;00000000-9313-47e8-9a11-3fbdd437bcef;20
00000000-3c38-44ac-a3d0-2fc3b4b3489d;00000000-3cc5-4d7f-9d71-95fe4db5bc1e;00000000-ec4e-4aca-bd4b-21e7a94e48e6;30
00000000-0e5a-4fa2-a202-d2b3d9cb066a;00000000-3cc5-4d7f-9d71-95fe4db5bc1e;00000000-dd84-434d-af28-9b0521a92a37;40
00000000-0b83-4676-8df8-5596cc742ebf;00000000-3cc5-4d7f-9d71-95fe4db5bc1e;00000000-140a-4ee0-9506-b7cfc4bc5713;50
00000000-2513-46eb-ba00-b497ecd2ee48;00000000-3cc5-4d7f-9d71-95fe4db5bc1e;00000000-1ba6-4146-aa27-f8eefd7d8c66;60
00000000-984f-4c3e-8d30-7c9519be2004;00000000-a52c-41d4-8fab-b003bdefb424;00000000-F500-4E8B-B814-F30A2EF227F4;10
00000000-cd95-4fc1-a707-1af96c37065c;00000000-a52c-41d4-8fab-b003bdefb424;00000000-6FCA-475F-873D-9E8C55786A33;20
00000000-ff0a-4b41-a502-dbab2ae90f3e;00000000-a52c-41d4-8fab-b003bdefb424;00000000-3A71-449A-A20B-DBB4F79BA1D8;30
00000000-a36c-45b0-af71-9300dfc1da19;00000000-087B-452C-B916-6ABD76C1AC5B;00000000-DC06-4B0A-B3C8-7AC46322A117;40
00000000-d4a8-448d-8406-598edf2c96c6;00000000-087B-452C-B916-6ABD76C1AC5B;00000000-8FFD-464B-8E51-11AB509BCA14;50
00000000-b05f-45c9-acde-8153ea334e71;00000000-087B-452C-B916-6ABD76C1AC5B;00000000-23D1-462B-A4CD-58D189C5CAF5;60
00000000-7693-47b2-addd-2b6357e51511;00000000-087B-452C-B916-6ABD76C1AC5B;00000000-BFC4-4015-A001-7911DD72CECA;70
00000000-8209-4bc7-8260-f53bd7a53ceb;00000000-087B-452C-B916-6ABD76C1AC5B;00000000-F471-48EE-8580-BF23B8E44762;80
00000000-239e-4faa-a340-37253f4e9c11;00000000-087B-452C-B916-6ABD76C1AC5B;00000000-C94B-4482-87D3-46083B506EE7;90
00000000-4ebe-4a2a-a521-81e19bb9350d;00000000-1CF2-4979-8E0C-DE17273DBB85;00000000-a1e2-4ce7-91ca-9be080e35f62;90
00000000-a6c3-4412-b2ee-62bd754f491d;00000000-995a-4f4a-be8a-f2931c0778e0;00000000-bd81-4994-8c66-6972781b5ca9;10
00000000-c971-402d-93e2-79fe761192cf;00000000-995a-4f4a-be8a-f2931c0778e0;00000000-008e-4930-b08c-9f5013a1ae1b;20
00000000-c3ed-4728-a1d5-8f7149e97fda;00000000-995a-4f4a-be8a-f2931c0778e0;00000000-9d8a-4e61-8e21-412509e6d509;30
00000000-f24d-4048-a631-967cf40c70e4;00000000-995a-4f4a-be8a-f2931c0778e0;00000000-d02d-4430-bf08-871b71ca2593;40
00000000-bb2f-43f5-a323-360686d9b21d;00000000-995a-4f4a-be8a-f2931c0778e0;00000000-a2dc-459b-8e23-c90da4e561d2;50
00000000-e03a-4043-8c81-97d57b03acd9;00000000-995a-4f4a-be8a-f2931c0778e0;00000000-82be-4144-a7b7-1e36bd424ba8;60
00000000-e7aa-4927-96ee-1f31bbefcf2f;00000000-995a-4f4a-be8a-f2931c0778e0;00000000-ae13-4d27-af3b-a59f6ed5aec7;70
00000000-bc60-4fab-9ead-2d830da2d325;00000000-995a-4f4a-be8a-f2931c0778e0;00000000-99f1-42cd-9424-bb50acd63a2c;80
00000000-2b4f-4647-97db-6c2e441b6cf6;00000000-995a-4f4a-be8a-f2931c0778e0;00000000-14ea-461c-a952-95720655b185;90
00000000-e09f-4510-b114-b65b03b8cf3b;00000000-995a-4f4a-be8a-f2931c0778e0;00000000-2968-41be-85fd-f245b49697ce;100
00000000-5663-49ea-9951-3bc8374ae7f4;00000000-995a-4f4a-be8a-f2931c0778e0;00000000-1d1c-4ba6-9132-47cf3848d211;110
00000000-b3b4-4359-936c-c73984f13364;00000000-995a-4f4a-be8a-f2931c0778e0;00000000-6473-4f03-8160-e1f3eed2464b;120
00000000-84df-47ff-b7c5-dfd041a917e7;00000000-995a-4f4a-be8a-f2931c0778e0;00000000-dcc6-4ffb-81b3-7403d9ad3115;130
00000000-ce2c-4806-ac4a-685be27c8b03;00000000-995a-4f4a-be8a-f2931c0778e0;00000000-ed5c-4d81-90df-8f5ef4551d0d;140
00000000-8fb5-4482-b14a-c90c51fa2976;00000000-995a-4f4a-be8a-f2931c0778e0;00000000-da1c-45ce-802c-6f421aad692e;150
00000000-d28b-4aab-be46-06c59c1596cc;00000000-995a-4f4a-be8a-f2931c0778e0;00000000-22e4-4fb0-bc46-fc6bdcc3700d;160
00000000-b0f5-4436-84b8-c8d90f9cf2b8;00000000-86ca-4bc2-9b45-b6e5cd02c907;00000000-6FCA-475F-873D-9E8C55786A33;10
00000000-1e3a-4260-a895-d0c3301111cc;00000000-86ca-4bc2-9b45-b6e5cd02c907;00000000-3A71-449A-A20B-DBB4F79BA1D8;20
00000000-db25-4130-9318-039b657f44a2;00000000-86ca-4bc2-9b45-b6e5cd02c907;00000000-DC06-4B0A-B3C8-7AC46322A117;30
