Id,NetworkId,ObjectId,SortOrder
00000000-7F66-477E-B67E-7567F04FDA1C,00000000-B623-4A50-A521-A912B95C49D7,00000000-4393-423B-844A-9CBFE029FDA9,40
00000000-1991-45B1-AE4D-A27479984FC1,00000000-B623-4A50-A521-A912B95C49D7,00000000-5609-412C-892A-9FC4DBAEA84E,20
00000000-E469-4AD8-89BD-F0E211C3FA41,00000000-B623-4A50-A521-A912B95C49D7,00000000-C060-4C03-97CE-5DED12FFF673,30
00000000-6BAF-42B6-80EB-F9D39A25A7D3,00000000-B623-4A50-A521-A912B95C49D7,00000000-2321-4DC3-BBFA-515D89AAA0E2,10
00000000-5932-4720-860C-1B1C123C30F5,00000000-77BE-4A8E-9BAB-8D4041B1B4DC,00000000-9D8A-4E61-8E21-412509E6D509,30
00000000-E993-4674-BE95-3B6585B19A40,00000000-77BE-4A8E-9BAB-8D4041B1B4DC,00000000-14EA-461C-A952-95720655B185,90
00000000-F7E7-4252-8460-3D14CA07E730,00000000-77BE-4A8E-9BAB-8D4041B1B4DC,00000000-1D1C-4BA6-9132-47CF3848D211,110
00000000-00C4-451B-AEAB-4B75B4958D97,00000000-77BE-4A8E-9BAB-8D4041B1B4DC,00000000-D02D-4430-BF08-871B71CA2593,40
00000000-DAA8-48A5-872A-53BD9A4298BB,00000000-77BE-4A8E-9BAB-8D4041B1B4DC,00000000-008E-4930-B08C-9F5013A1AE1B,20
00000000-8C66-4E90-A736-A36A8F4E2777,00000000-77BE-4A8E-9BAB-8D4041B1B4DC,00000000-6473-4F03-8160-E1F3EED2464B,120
00000000-1584-45C0-A3C8-A4EE05BDBD0C,00000000-77BE-4A8E-9BAB-8D4041B1B4DC,00000000-2968-41BE-85FD-F245B49697CE,100
00000000-91AB-49F8-9F2B-AF3621D8E5F5,00000000-77BE-4A8E-9BAB-8D4041B1B4DC,00000000-A2DC-459B-8E23-C90DA4E561D2,50
00000000-C5AD-470C-AE14-B03F6FB48872,00000000-77BE-4A8E-9BAB-8D4041B1B4DC,00000000-99F1-42CD-9424-BB50ACD63A2C,80
00000000-B6A3-4160-B59C-B32AEA7C62FB,00000000-77BE-4A8E-9BAB-8D4041B1B4DC,00000000-22E4-4FB0-BC46-FC6BDCC3700D,160
00000000-F9BD-4607-B2D9-B6D58F6E9FFE,00000000-77BE-4A8E-9BAB-8D4041B1B4DC,00000000-ED5C-4D81-90DF-8F5EF4551D0D,140
00000000-2F98-4D22-A783-C96EC5FE83DE,00000000-77BE-4A8E-9BAB-8D4041B1B4DC,00000000-BD81-4994-8C66-6972781B5CA9,10
00000000-CCA9-4565-8566-CF20F1C8CD3B,00000000-77BE-4A8E-9BAB-8D4041B1B4DC,00000000-AE13-4D27-AF3B-A59F6ED5AEC7,70
00000000-AB37-49AF-BF8C-D3172612D233,00000000-77BE-4A8E-9BAB-8D4041B1B4DC,00000000-DA1C-45CE-802C-6F421AAD692E,150
00000000-02B3-4C7C-8734-EB446890921E,00000000-77BE-4A8E-9BAB-8D4041B1B4DC,00000000-DCC6-4FFB-81B3-7403D9AD3115,130
00000000-6AB3-4EFA-B121-ECCBAB8026F2,00000000-77BE-4A8E-9BAB-8D4041B1B4DC,00000000-82BE-4144-A7B7-1E36BD424BA8,60
00000000-7DC5-4647-891C-331627128A1C,00000000-6A47-4D5C-A8C4-A0D910992F45,00000000-DC06-4B0A-B3C8-7AC46322A117,70
00000000-5676-45F0-A209-41544DF734F8,00000000-6A47-4D5C-A8C4-A0D910992F45,00000000-23D1-462B-A4CD-58D189C5CAF5,80
00000000-688F-4350-8236-7544D3FDF713,00000000-6A47-4D5C-A8C4-A0D910992F45,00000000-8FFD-464B-8E51-11AB509BCA14,30
00000000-E046-484C-8072-94A51AA773C1,00000000-6A47-4D5C-A8C4-A0D910992F45,00000000-6FCA-475F-873D-9E8C55786A33,50
00000000-8C55-4CFF-BB08-94C0872C0F7E,00000000-6A47-4D5C-A8C4-A0D910992F45,00000000-F500-4E8B-B814-F30A2EF227F4,40
00000000-0A9D-4233-82E1-A62E0472C39C,00000000-6A47-4D5C-A8C4-A0D910992F45,00000000-F471-48EE-8580-BF23B8E44762,10
00000000-02AF-4681-9138-AA416EB7EB3D,00000000-6A47-4D5C-A8C4-A0D910992F45,00000000-3A71-449A-A20B-DBB4F79BA1D8,60
00000000-40BA-42C6-B948-EACA0B67CD5E,00000000-6A47-4D5C-A8C4-A0D910992F45,00000000-C94B-4482-87D3-46083B506EE7,20
00000000-8480-404A-8BC7-EE4D66CE0AAB,00000000-6A47-4D5C-A8C4-A0D910992F45,00000000-BFC4-4015-A001-7911DD72CECA,90
00000000-BE5F-4302-8879-80A8B4EF3B8E,00000000-9A37-4C3D-9857-FA162CFF15CB,00000000-D525-47EC-96EB-DEA00A1C631B,1000
00000000-9365-42B9-9A0C-86E597A617B9,00000000-9A37-4C3D-9857-FA162CFF15CB,00000000-42E3-40BC-B7FF-62C1FDE41EF5,1000
00000000-B8E9-4819-B136-BD343C7635D2,00000000-9A37-4C3D-9857-FA162CFF15CB,00000000-9E68-4500-AFCB-51FEC829D301,1000
00000000-EE4E-4CBE-86C5-BE9A313AD2BB,00000000-9A37-4C3D-9857-FA162CFF15CB,00000000-DC84-453A-953B-648EE1A088DB,1000
00000000-E835-44DE-A7D3-C81B24055900,00000000-9A37-4C3D-9857-FA162CFF15CB,00000000-891B-4B3E-B7BE-43E7972B622F,1000
00000000-FAA1-46E2-B41A-3095A7E01F2C,00000000-5753-48DA-BC29-FCFD5060B8FC,00000000-DB95-41DC-BEC4-DB4FCB2354C7,1000
00000000-C109-4484-A284-630EA0EF91D9,00000000-5753-48DA-BC29-FCFD5060B8FC,00000000-E7BE-416E-A2D9-7CA588FE54C8,1000
00000000-A6B5-42CA-82EE-ED4CD1CAF136,00000000-5753-48DA-BC29-FCFD5060B8FC,00000000-6711-4D8B-8370-F32A5E2314E6,1000
00000000-2462-4B18-82D7-F1E9DCE1102C,00000000-5753-48DA-BC29-FCFD5060B8FC,00000000-6219-4695-9AEC-166787D10FDB,1000
00000000-4E08-49F5-BBEE-170287A2764F,00000000-7D58-4565-856B-179E56655D29,00000000-5CBE-4830-8426-F3E5A63DE4B1,50
00000000-D795-4756-8187-7D1AF1C1317F,00000000-7D58-4565-856B-179E56655D29,00000000-140A-4EE0-9506-B7CFC4BC5713,20
00000000-EB9C-4FDC-9118-B2E2C0C0D26D,00000000-7D58-4565-856B-179E56655D29,00000000-1BA6-4146-AA27-F8EEFD7D8C66,30
00000000-2F5A-4BD8-9B22-CDF40470DD7D,00000000-7D58-4565-856B-179E56655D29,00000000-DD84-434D-AF28-9B0521A92A37,10
00000000-BA90-4DE1-A5AA-EF5D22650D44,00000000-7D58-4565-856B-179E56655D29,00000000-1313-4A27-9994-9F6A53C26EA5,40
00000000-5606-4484-A65D-11D08F587D0E,00000000-D841-497C-86AC-CEE37A2C60B8,00000000-4388-4A5F-B4FC-B3DFE8EB272B,10
00000000-7468-4821-9D01-23B72C75EC18,00000000-D841-497C-86AC-CEE37A2C60B8,00000000-9255-40CA-A7C7-1B50A37BC5AF,20
00000000-04F9-4B27-AE0A-3BD74E412FC5,00000000-D841-497C-86AC-CEE37A2C60B8,00000000-C9FC-4E92-A72F-D3F3CFBC5419,60
00000000-9456-4521-B68F-435E513329EF,00000000-D841-497C-86AC-CEE37A2C60B8,00000000-2F6B-4103-A874-B584E1EF708E,50
00000000-DC2E-47E0-AD7A-4450C72E8A9F,00000000-D841-497C-86AC-CEE37A2C60B8,00000000-B2AE-46CD-B9E6-30CD89B7BC00,30
00000000-2C49-4D28-ADC0-53E6888B3383,00000000-D841-497C-86AC-CEE37A2C60B8,00000000-949F-40E5-8E22-33BA7177592A,40
00000000-7DD1-4B24-BCE3-5EFEB62C66B2,00000000-D841-497C-86AC-CEE37A2C60B8,00000000-37DF-486F-BEEB-F223F1C851ED,1000
00000000-7217-48B9-AB4C-7B7D2B48C546,00000000-D841-497C-86AC-CEE37A2C60B8,00000000-043E-495A-94AC-C4286EB67D8B,70
