Id,QuestionId,MemberId,Role,SortOrder
00000000-2f3e-44d4-962e-219df0e8a397,00000000-a41b-45ee-b2a9-e6ecf62fdc37,00000000-4959-4bdb-be30-1f7090125b8a,Owner,10
00000000-53cc-4b6c-bbef-9c803d1bb419,00000000-b860-41ec-bb1f-120cb9f617b4,00000000-4959-4bdb-be30-1f7090125b8a,Owner,20
00000000-38ac-4833-8713-75b068ece9b6,00000000-4bec-4521-bd50-bfb435a72704,00000000-4959-4bdb-be30-1f7090125b8a,Owner,30
00000000-8778-4450-be5d-28173276e9f6,00000000-b61b-4819-a834-b5698360c77b,00000000-4959-4bdb-be30-1f7090125b8a,Shared,40
00000000-c599-4246-ae7d-c4310e75f2f3,00000000-64f3-46ff-9be5-86ca12fc4533,00000000-4959-4bdb-be30-1f7090125b8a,Owner,50
00000000-4da9-43f9-8400-b6e5f667fae7,00000000-2321-4dc3-bbfa-515d89aaa0e2,00000000-4959-4bdb-be30-1f7090125b8a,Owner,70
00000000-c458-4836-ad98-a51526a63257,00000000-c060-4c03-97ce-5ded12fff673,00000000-4959-4bdb-be30-1f7090125b8a,Owner,80
00000000-0d36-4779-b386-550fe2729529,00000000-7186-4d3b-9ad7-477821b57764,00000000-4959-4bdb-be30-1f7090125b8a,Owner,90
00000000-737f-411e-ab96-a6f2e90d05dd,00000000-5609-412C-892A-9FC4DBAEA84E,00000000-4959-4bdb-be30-1f7090125b8a,Owner,100
00000000-8b65-4541-b371-9b92a31986d7,00000000-4393-423B-844A-9CBFE029FDA9,00000000-4959-4bdb-be30-1f7090125b8a,Owner,110
00000000-7aff-4ffd-86f7-6f90bccf6296,00000000-45d3-4a58-b538-7a62038b878f,00000000-4959-4bdb-be30-1f7090125b8a,Owner,120
00000000-7869-4315-81bb-e83acb2dc4da,00000000-20cc-48aa-a02f-cd9459f87b77,00000000-4959-4bdb-be30-1f7090125b8a,Owner,130
00000000-e69f-4bb0-9f7b-93f8f92cf7ce,00000000-2a26-4577-877c-075362fab876,00000000-4959-4bdb-be30-1f7090125b8a,Owner,140
00000000-bdae-4e99-a62a-9ccfac2dbf4c,00000000-F28B-435D-9596-1C51873160A6,00000000-4959-4bdb-be30-1f7090125b8a,Owner,140
00000000-00d0-4805-bb63-52e82e0ae732,00000000-990C-40AD-BFA6-6409481D5F65,00000000-4959-4bdb-be30-1f7090125b8a,Owner,140
00000000-5ba1-4956-9399-679275d28bb9,00000000-C3B8-4F4A-9C73-3EACB0BF4C4C,00000000-4959-4bdb-be30-1f7090125b8a,Owner,140
00000000-b5d9-4bee-a484-96c709ab2630,00000000-2922-45D1-BFE0-63B35A38EA3D,00000000-4959-4bdb-be30-1f7090125b8a,Owner,150
00000000-0e9a-44a6-9d87-1f7acd0423e2,00000000-6610-42C3-A71D-C5E0F562E29C,00000000-4959-4bdb-be30-1f7090125b8a,Owner,160
00000000-6B6D-40C4-9DFD-676C97C9E6BB,00000000-305F-4F89-8715-8C8213D7533B,00000000-4959-4BDB-BE30-1F7090125B8A,Owner,170
00000000-d9ab-42ec-abf1-703d78bf4aff,00000000-dca8-45b6-9e05-204dd6c02d08,00000000-4959-4BDB-BE30-1F7090125B8A,Owner,180
00000000-5f2b-4cea-9648-37bb8022ad17,00000000-46dc-4e4e-b76c-540af709123d,00000000-4959-4BDB-BE30-1F7090125B8A,Owner,190
00000000-195c-4334-9c75-ac80740d9a8b,00000000-14b4-4fcb-b779-d067e8cd6ecb,00000000-4959-4BDB-BE30-1F7090125B8A,Owner,200
00000000-ca53-4a03-8d22-fcc92d147e3a,00000000-b746-413e-a99b-df0fd6da1faf,00000000-4959-4BDB-BE30-1F7090125B8A,Owner,210
00000000-6647-42f3-9c24-1947bfd59098,00000000-d4ae-4c19-9fc1-8af75fe02827,00000000-4959-4BDB-BE30-1F7090125B8A,Owner,220
00000000-1237-42f3-5c24-3947bfd59098,00000000-61de-4641-aff2-beb08aecc2bf,00000000-4959-4BDB-BE30-1F7090125B8A,Owner,230
