Id;WSImageId;MemberId;Role;SortOrder
00000000-e79a-4f0a-b331-4ede82ded900;00000000-891B-4B3E-B7BE-43E7972B622F;00000000-4959-4bdb-be30-1f7090125b8a;Owner;10
00000000-d924-424d-b256-f3bfbdbbb6b9;00000000-9E68-4500-AFCB-51FEC829D301;00000000-4959-4bdb-be30-1f7090125b8a;Owner;20
00000000-cc6d-49eb-85ab-f26f567a872f;00000000-42E3-40BC-B7FF-62C1FDE41EF5;00000000-4959-4bdb-be30-1f7090125b8a;Owner;30
00000000-a8e6-4eb9-82e8-e98d2fad1e50;00000000-DC84-453A-953B-648EE1A088DB;00000000-4959-4bdb-be30-1f7090125b8a;Owner;40
00000000-5225-4ffb-bde8-f04e3ab9e7fa;00000000-4388-4A5F-B4FC-B3DFE8EB272B;00000000-4959-4bdb-be30-1f7090125b8a;Owner;50
00000000-de2c-47b2-b914-ddbd16db4a96;00000000-02DC-4313-972B-C254308162D9;00000000-4959-4bdb-be30-1f7090125b8a;Owner;60
00000000-2c28-42c1-a665-b4447325c63a;00000000-D525-47EC-96EB-DEA00A1C631B;00000000-4959-4bdb-be30-1f7090125b8a;Owner;70
00000000-3762-4778-9f13-6d8bba80ab77;00000000-37df-486f-beeb-f223f1c851ed;00000000-4959-4bdb-be30-1f7090125b8a;Owner;80
00000000-8f2f-4bef-8f54-fead46891683;00000000-32c3-431c-8c9e-3e18506c1e52;00000000-4959-4bdb-be30-1f7090125b8a;Owner;90
00000000-f337-479b-a2c4-8178d7af3147;00000000-d854-4084-be29-83822a04105f;00000000-4959-4bdb-be30-1f7090125b8a;Owner;100
00000000-a666-426f-a1a0-e2faa139e63f;00000000-dd84-434d-af28-9b0521a92a37;00000000-4959-4bdb-be30-1f7090125b8a;Owner;110
00000000-f859-48a3-9b07-2d6507594a80;00000000-140a-4ee0-9506-b7cfc4bc5713;00000000-4959-4bdb-be30-1f7090125b8a;Owner;120
00000000-9a44-441e-b8e6-f21e7b0a4ee2;00000000-1ba6-4146-aa27-f8eefd7d8c66;00000000-4959-4bdb-be30-1f7090125b8a;Owner;130
00000000-c7ae-4e44-a968-10eb3f21a758;00000000-1313-4a27-9994-9f6a53c26ea5;00000000-4959-4bdb-be30-1f7090125b8a;Owner;140
00000000-d3ed-4105-a519-64a7f3c699b1;00000000-5cbe-4830-8426-f3e5a63de4b1;00000000-4959-4bdb-be30-1f7090125b8a;Owner;150
00000000-0cfe-4f25-989c-736c6356fbd1;00000000-9313-47e8-9a11-3fbdd437bcef;00000000-4959-4bdb-be30-1f7090125b8a;Owner;160
00000000-483f-41d3-bb4f-7fcc606b8eb2;00000000-ec4e-4aca-bd4b-21e7a94e48e6;00000000-4959-4bdb-be30-1f7090125b8a;Owner;170
00000000-85d7-4109-9b87-0045c34491cc;00000000-6219-4695-9aec-166787d10fdb;00000000-4959-4bdb-be30-1f7090125b8a;Owner;180
00000000-4d81-4c0f-b118-3c51050d5cc8;00000000-e7be-416e-a2d9-7ca588fe54c8;00000000-4959-4bdb-be30-1f7090125b8a;Owner;190
00000000-b5fd-44a6-a4c3-0b9fa780f629;00000000-6711-4d8b-8370-f32a5e2314e6;00000000-4959-4bdb-be30-1f7090125b8a;Owner;200
00000000-69db-4002-9800-96e5dafe7d23;00000000-db95-41dc-bec4-db4fcb2354c7;00000000-4959-4bdb-be30-1f7090125b8a;Owner;210
00000000-4d4b-498f-b504-5c1573f696d3;00000000-F500-4E8B-B814-F30A2EF227F4;00000000-4959-4bdb-be30-1f7090125b8a;Owner;220
00000000-d063-44e8-b58e-ff6fe92a4ba3;00000000-6FCA-475F-873D-9E8C55786A33;00000000-4959-4bdb-be30-1f7090125b8a;Owner;230
00000000-1f8f-4215-b3a6-b160a0152a4d;00000000-3A71-449A-A20B-DBB4F79BA1D8;00000000-4959-4bdb-be30-1f7090125b8a;Owner;240
00000000-2814-4fa7-9937-f71324dc4086;00000000-DC06-4B0A-B3C8-7AC46322A117;00000000-4959-4bdb-be30-1f7090125b8a;Owner;250
00000000-a4c1-455e-8beb-602d6c5eec5e;00000000-8FFD-464B-8E51-11AB509BCA14;00000000-4959-4bdb-be30-1f7090125b8a;Owner;260
00000000-be10-4e19-a56a-0a0d3e18b990;00000000-23D1-462B-A4CD-58D189C5CAF5;00000000-4959-4bdb-be30-1f7090125b8a;Owner;270
00000000-614d-49da-9552-14f846a01b2c;00000000-BFC4-4015-A001-7911DD72CECA;00000000-4959-4bdb-be30-1f7090125b8a;Owner;280
00000000-8ca7-4852-a328-21b96d2cbe4f;00000000-F471-48EE-8580-BF23B8E44762;00000000-4959-4bdb-be30-1f7090125b8a;Owner;290
00000000-9576-4405-9cd8-37fe21a77246;00000000-C94B-4482-87D3-46083B506EE7;00000000-4959-4bdb-be30-1f7090125b8a;Owner;300
00000000-2701-4abf-8d49-d80a1d5e9e96;00000000-a1e2-4ce7-91ca-9be080e35f62;00000000-4959-4bdb-be30-1f7090125b8a;Owner;310
00000000-5c36-4de2-acd1-1fdae2c787f1;00000000-9799-4edd-962f-dfa46a6606b8;00000000-4959-4bdb-be30-1f7090125b8a;Owner;312
00000000-0976-409f-8c0d-fe4e849d0825;00000000-bf47-42d9-905f-c7ddec0d3caf;00000000-4959-4bdb-be30-1f7090125b8a;Owner;314
00000000-823b-4ddc-91b7-14b3590d94ed;00000000-bd81-4994-8c66-6972781b5ca9;00000000-4959-4bdb-be30-1f7090125b8a;Owner;320
00000000-ac32-4cdb-9b57-c4d68a9b6f6f;00000000-008e-4930-b08c-9f5013a1ae1b;00000000-4959-4bdb-be30-1f7090125b8a;Owner;330
00000000-a3ca-464c-8487-37956f9df144;00000000-9d8a-4e61-8e21-412509e6d509;00000000-4959-4bdb-be30-1f7090125b8a;Owner;340
00000000-599a-435d-b7b2-df5b5f7cfee5;00000000-d02d-4430-bf08-871b71ca2593;00000000-4959-4bdb-be30-1f7090125b8a;Owner;350
00000000-c11d-46b2-8c83-04b40df8b79a;00000000-a2dc-459b-8e23-c90da4e561d2;00000000-4959-4bdb-be30-1f7090125b8a;Owner;360
00000000-b426-4177-b90a-a660b34fef46;00000000-82be-4144-a7b7-1e36bd424ba8;00000000-4959-4bdb-be30-1f7090125b8a;Owner;370
00000000-f34d-4807-9440-8388c5b3e8fa;00000000-ae13-4d27-af3b-a59f6ed5aec7;00000000-4959-4bdb-be30-1f7090125b8a;Owner;380
00000000-1785-49f3-bc60-41aa5afa23b6;00000000-99f1-42cd-9424-bb50acd63a2c;00000000-4959-4bdb-be30-1f7090125b8a;Owner;390
00000000-2051-4509-8ecf-01587b675bc6;00000000-14ea-461c-a952-95720655b185;00000000-4959-4bdb-be30-1f7090125b8a;Owner;400
00000000-4ef6-47c0-a12b-ed102530d536;00000000-2968-41be-85fd-f245b49697ce;00000000-4959-4bdb-be30-1f7090125b8a;Owner;410
00000000-603a-4dec-bccf-950bffa99315;00000000-1d1c-4ba6-9132-47cf3848d211;00000000-4959-4bdb-be30-1f7090125b8a;Owner;420
00000000-1396-4171-933a-5d3736bf6a15;00000000-6473-4f03-8160-e1f3eed2464b;00000000-4959-4bdb-be30-1f7090125b8a;Owner;430
00000000-bdf7-4b26-b517-29012bf1395a;00000000-dcc6-4ffb-81b3-7403d9ad3115;00000000-4959-4bdb-be30-1f7090125b8a;Owner;440
00000000-6aa5-4681-835c-f1c9d442a1de;00000000-ed5c-4d81-90df-8f5ef4551d0d;00000000-4959-4bdb-be30-1f7090125b8a;Owner;450
00000000-9a0d-4843-a27e-6cc04390dc9a;00000000-da1c-45ce-802c-6f421aad692e;00000000-4959-4bdb-be30-1f7090125b8a;Owner;460
00000000-396f-4585-8031-80c06e248a84;00000000-22e4-4fb0-bc46-fc6bdcc3700d;00000000-4959-4bdb-be30-1f7090125b8a;Owner;470
00000000-E44D-4AC2-A38D-082C5C69E300;00000000-9255-40CA-A7C7-1B50A37BC5AF;00000000-4959-4BDB-BE30-1F7090125B8A;Owner;0
00000000-e949-4477-91a3-71e3ef4dfc15;00000000-b2ae-46cd-b9e6-30cd89b7bc00;00000000-4959-4BDB-BE30-1F7090125B8A;Owner;600
00000000-1b75-4e63-ad1f-0ca31e28384a;00000000-949f-40e5-8e22-33ba7177592a;00000000-4959-4BDB-BE30-1F7090125B8A;Owner;610
00000000-28d6-4df6-a30d-cf19c0f6ddd5;00000000-2f6b-4103-a874-b584e1ef708e;00000000-4959-4BDB-BE30-1F7090125B8A;Owner;620
00000000-dd6f-40c2-bc19-5890977b160f;00000000-c9fc-4e92-a72f-d3f3cfbc5419;00000000-4959-4BDB-BE30-1F7090125B8A;Owner;630
00000000-aa6e-4e44-a307-6bb4a7a97657;00000000-043e-495a-94ac-c4286eb67d8b;00000000-4959-4BDB-BE30-1F7090125B8A;Owner;640